,titulo,l_autor_plano,poema_linea
0,La araucana primera parte,Alonso de ErcillaI,El cual declara el asiento y descripción de la provincia de Chile y
1,La araucana primera parte,Alonso de ErcillaI,"Estado de Arauco, con las costumbres y modos de guerra que los"
2,La araucana primera parte,Alonso de ErcillaI,naturales tienen; y asimismo trata en suma la entrada y conquista
3,La araucana primera parte,Alonso de ErcillaI,que los españoles hicieron hasta que Arauco se comenzó a rebelar
4,La araucana primera parte,Alonso de ErcillaI,
5,La araucana primera parte,Alonso de ErcillaI,"No las damas, amor, no gentilezas"
6,La araucana primera parte,Alonso de ErcillaI,"de caballeros canto enamorados,"
7,La araucana primera parte,Alonso de ErcillaI,"ni las muestras, regalos y ternezas"
8,La araucana primera parte,Alonso de ErcillaI,de amorosos afectos y cuidados;
9,La araucana primera parte,Alonso de ErcillaI,"mas el valor, los hechos, las proezas"
10,La araucana primera parte,Alonso de ErcillaI,"de aquellos españoles esforzados,"
11,La araucana primera parte,Alonso de ErcillaI,que a la cerviz de Arauco no domada
12,La araucana primera parte,Alonso de ErcillaI,pusieron duro yugo por la espada.
13,La araucana primera parte,Alonso de ErcillaI,
14,La araucana primera parte,Alonso de ErcillaI,Cosas diré también harto notables
15,La araucana primera parte,Alonso de ErcillaI,"de gente que a ningún rey obedecen,"
16,La araucana primera parte,Alonso de ErcillaI,temerarias empresas memorables
17,La araucana primera parte,Alonso de ErcillaI,"que celebrarse con razón merecen,"
18,La araucana primera parte,Alonso de ErcillaI,raras industrias términos loables
19,La araucana primera parte,Alonso de ErcillaI,que más los españoles engrandecen
20,La araucana primera parte,Alonso de ErcillaI,pues no es el vencedor más estimado
21,La araucana primera parte,Alonso de ErcillaI,de aquello en que el vencido es reputado.
22,La araucana primera parte,Alonso de ErcillaI,
23,La araucana primera parte,Alonso de ErcillaI,"Suplícoos, gran Felipe, que mirada"
24,La araucana primera parte,Alonso de ErcillaI,"esta labor, de vos sea recebida,"
25,La araucana primera parte,Alonso de ErcillaI,"que, de todo favor necesitada,"
26,La araucana primera parte,Alonso de ErcillaI,queda con darse a vos favorecida.
27,La araucana primera parte,Alonso de ErcillaI,Es relación sin corromper sacada
28,La araucana primera parte,Alonso de ErcillaI,"de la verdad, cortada a su medida;"
29,La araucana primera parte,Alonso de ErcillaI,"no despreciéis el don, aunque tan pobre,"
30,La araucana primera parte,Alonso de ErcillaI,para que autoridad mi verso cobre.
31,La araucana primera parte,Alonso de ErcillaI,
32,La araucana primera parte,Alonso de ErcillaI,"Quiero a señor tan alto dedicarlo,"
33,La araucana primera parte,Alonso de ErcillaI,"porque este atrevimiento lo sostenga,"
34,La araucana primera parte,Alonso de ErcillaI,"tomando esta manera de ilustrarlo,"
35,La araucana primera parte,Alonso de ErcillaI,para que quien lo viere en más lo tenga;
36,La araucana primera parte,Alonso de ErcillaI,"y si esto no bastare a no tacharlo,"
37,La araucana primera parte,Alonso de ErcillaI,a lo menos confuso se detenga
38,La araucana primera parte,Alonso de ErcillaI,"pensando que, pues va a Vos dirigido,"
39,La araucana primera parte,Alonso de ErcillaI,que debe de llevar algo escondido.
40,La araucana primera parte,Alonso de ErcillaI,
41,La araucana primera parte,Alonso de ErcillaI,"Y haberme en vuestra casa yo criado,"
42,La araucana primera parte,Alonso de ErcillaI,"que crédito me da por otra parte,"
43,La araucana primera parte,Alonso de ErcillaI,"hará mi torpe estilo delicado,"
44,La araucana primera parte,Alonso de ErcillaI,"y lo que va sin orden, lleno de arte;"
45,La araucana primera parte,Alonso de ErcillaI,"así, de tantas cosas animado,"
46,La araucana primera parte,Alonso de ErcillaI,la pluma entregaré al furor de Marte:
47,La araucana primera parte,Alonso de ErcillaI,"dad orejas Señor, a lo que digo,"
48,La araucana primera parte,Alonso de ErcillaI,que soy de parte dello buen testigo.
49,La araucana primera parte,Alonso de ErcillaI,
50,La araucana primera parte,Alonso de ErcillaI,
51,La araucana primera parte,Alonso de ErcillaI,
52,La araucana primera parte,Alonso de ErcillaI,
53,La araucana primera parte,Alonso de ErcillaI,
54,La araucana primera parte,Alonso de ErcillaI,
55,La araucana primera parte,Alonso de ErcillaI,
56,La araucana primera parte,Alonso de ErcillaI,
57,La araucana primera parte,Alonso de ErcillaI,
58,La araucana primera parte,Alonso de ErcillaI,"Chile, fértil provincia y señalada"
59,La araucana primera parte,Alonso de ErcillaI,"en la región antártica famosa,"
60,La araucana primera parte,Alonso de ErcillaI,de remotas naciones respetada
61,La araucana primera parte,Alonso de ErcillaI,"por fuerte, principal y poderosa;"
62,La araucana primera parte,Alonso de ErcillaI,"la gente que produce es tan granada,"
63,La araucana primera parte,Alonso de ErcillaI,"tan soberbia, gallarda y belicosa,"
64,La araucana primera parte,Alonso de ErcillaI,que no ha sido por rey jamás regida
65,La araucana primera parte,Alonso de ErcillaI,ni a estranjero dominio sometida.
66,La araucana primera parte,Alonso de ErcillaI,
67,La araucana primera parte,Alonso de ErcillaI,"Es Chile norte sur de gran longura,"
68,La araucana primera parte,Alonso de ErcillaI,"costa del nuevo mar, del Sur llamado,"
69,La araucana primera parte,Alonso de ErcillaI,tendrá del este a oeste de angostura
70,La araucana primera parte,Alonso de ErcillaI,"cien millas, por lo más ancho tomado;"
71,La araucana primera parte,Alonso de ErcillaI,bajo del polo Antártico en altura
72,La araucana primera parte,Alonso de ErcillaI,"de veinte y siete grados, prolongado"
73,La araucana primera parte,Alonso de ErcillaI,hasta do el mar Océano y chileno
74,La araucana primera parte,Alonso de ErcillaI,mezclan sus aguas por angosto seno.
75,La araucana primera parte,Alonso de ErcillaI,
76,La araucana primera parte,Alonso de ErcillaI,"Y estos dos anchos mares, que pretenden,"
77,La araucana primera parte,Alonso de ErcillaI,"pasando de sus términos, juntarse,"
78,La araucana primera parte,Alonso de ErcillaI,"baten las rocas, y sus olas tienden,"
79,La araucana primera parte,Alonso de ErcillaI,mas esles impedido el allegarse;
80,La araucana primera parte,Alonso de ErcillaI,por esta parte al fin la tierra hienden
81,La araucana primera parte,Alonso de ErcillaI,y pueden por aquí comunicarse.
82,La araucana primera parte,Alonso de ErcillaI,"Magallanes, Señor, fue el primer hombre"
83,La araucana primera parte,Alonso de ErcillaI,"que, abriendo este camino, le dio nombre."
84,La araucana primera parte,Alonso de ErcillaI,
85,La araucana primera parte,Alonso de ErcillaI,"Por falta de pilotos, o encubierta"
86,La araucana primera parte,Alonso de ErcillaI,"causa, quizá importante y no sabida,"
87,La araucana primera parte,Alonso de ErcillaI,esta secreta senda descubierta
88,La araucana primera parte,Alonso de ErcillaI,quedó para nosotros escondida;
89,La araucana primera parte,Alonso de ErcillaI,"ora sea yerro de la altura cierta,"
90,La araucana primera parte,Alonso de ErcillaI,"ora que alguna isleta, removida"
91,La araucana primera parte,Alonso de ErcillaI,del tempestuoso mar y viento airado
92,La araucana primera parte,Alonso de ErcillaI,"encallando en la boca, la ha cerrado."
93,La araucana primera parte,Alonso de ErcillaI,
94,La araucana primera parte,Alonso de ErcillaI,"Digo que norte sur corre la tierra,"
95,La araucana primera parte,Alonso de ErcillaI,y báñala del oeste la marina;
96,La araucana primera parte,Alonso de ErcillaI,a la banda del este va una sierra
97,La araucana primera parte,Alonso de ErcillaI,que el mismo rumbo mil leguas camina;
98,La araucana primera parte,Alonso de ErcillaI,en medio es donde el punto de la guerra
99,La araucana primera parte,Alonso de ErcillaI,por uso y ejercicio más se afina.
100,La araucana primera parte,Alonso de ErcillaI,"Venus y Amor aquí no alcanzan parte,"
101,La araucana primera parte,Alonso de ErcillaI,sólo domina el iracundo Marte.
102,La araucana primera parte,Alonso de ErcillaI,
103,La araucana primera parte,Alonso de ErcillaI,
104,La araucana primera parte,Alonso de ErcillaI,
105,La araucana primera parte,Alonso de ErcillaI,
106,La araucana primera parte,Alonso de ErcillaI,
107,La araucana primera parte,Alonso de ErcillaI,
108,La araucana primera parte,Alonso de ErcillaI,
109,La araucana primera parte,Alonso de ErcillaI,
110,La araucana primera parte,Alonso de ErcillaI,
111,La araucana primera parte,Alonso de ErcillaI,
112,La araucana primera parte,Alonso de ErcillaI,
113,La araucana primera parte,Alonso de ErcillaI,"Pues en este distrito demarcado,"
114,La araucana primera parte,Alonso de ErcillaI,"por donde su grandeza es manifiesta,"
115,La araucana primera parte,Alonso de ErcillaI,está a treinta y seis grados el Estado
116,La araucana primera parte,Alonso de ErcillaI,que tanta sangre ajena y propia cuesta;
117,La araucana primera parte,Alonso de ErcillaI,éste es el fiero pueblo no domado
118,La araucana primera parte,Alonso de ErcillaI,"que tuvo a Chile en tal estrecho puesta,"
119,La araucana primera parte,Alonso de ErcillaI,y aquel que por valor y pura guerra
120,La araucana primera parte,Alonso de ErcillaI,hace en torno temblar toda la tierra.
121,La araucana primera parte,Alonso de ErcillaI,
122,La araucana primera parte,Alonso de ErcillaI,"Es Arauco, que basta, el cual sujeto"
123,La araucana primera parte,Alonso de ErcillaI,lo más deste gran término tenía
124,La araucana primera parte,Alonso de ErcillaI,"con tanta fama, crédito y conceto,"
125,La araucana primera parte,Alonso de ErcillaI,"que del un polo al otro se estendía,"
126,La araucana primera parte,Alonso de ErcillaI,y puso al español en tal aprieto
127,La araucana primera parte,Alonso de ErcillaI,cual presto se verá en la carta mía;
128,La araucana primera parte,Alonso de ErcillaI,"veinte leguas contienen sus mojones,"
129,La araucana primera parte,Alonso de ErcillaI,poséenla diez y seis fuertes varones.
130,La araucana primera parte,Alonso de ErcillaI,
131,La araucana primera parte,Alonso de ErcillaI,De diez y seis caciques y señores
132,La araucana primera parte,Alonso de ErcillaI,"es el soberbio Estado poseído,"
133,La araucana primera parte,Alonso de ErcillaI,en militar estudio los mejores
134,La araucana primera parte,Alonso de ErcillaI,que de bárbaras madres han nacido;
135,La araucana primera parte,Alonso de ErcillaI,"reparo de su patria y defensores,"
136,La araucana primera parte,Alonso de ErcillaI,ninguno en el gobierno preferido.
137,La araucana primera parte,Alonso de ErcillaI,"Otros caciques hay, mas por valientes"
138,La araucana primera parte,Alonso de ErcillaI,son éstos en mandar los preeminentes.
139,La araucana primera parte,Alonso de ErcillaI,
140,La araucana primera parte,Alonso de ErcillaI,Sólo al señor de imposición le viene
141,La araucana primera parte,Alonso de ErcillaI,"servicio personal de sus vasallos,"
142,La araucana primera parte,Alonso de ErcillaI,y en cualquiera ocasión cuando conviene
143,La araucana primera parte,Alonso de ErcillaI,puede por fuerza al débito apremiallos;
144,La araucana primera parte,Alonso de ErcillaI,pero así obligación el señor tiene
145,La araucana primera parte,Alonso de ErcillaI,en las cosas de guerra doctrinallos
146,La araucana primera parte,Alonso de ErcillaI,"con tal uso, cuidado y disciplina,"
147,La araucana primera parte,Alonso de ErcillaI,que son maestros después desta doctrina.
148,La araucana primera parte,Alonso de ErcillaI,
149,La araucana primera parte,Alonso de ErcillaI,En lo que usan los niños en teniendo
150,La araucana primera parte,Alonso de ErcillaI,"habilidad y fuerza provechosa,"
151,La araucana primera parte,Alonso de ErcillaI,es que un trecho seguido ha de ir corriendo
152,La araucana primera parte,Alonso de ErcillaI,por una áspera cuesta pedregosa
153,La araucana primera parte,Alonso de ErcillaI,"y al puesto y fin del curso revolviendo,"
154,La araucana primera parte,Alonso de ErcillaI,le dan al vencedor alguna cosa.
155,La araucana primera parte,Alonso de ErcillaI,Vienen a ser tan sueltos y alentados
156,La araucana primera parte,Alonso de ErcillaI,que alcanzan por aliento los venados.
157,La araucana primera parte,Alonso de ErcillaI,
158,La araucana primera parte,Alonso de ErcillaI,
159,La araucana primera parte,Alonso de ErcillaI,
160,La araucana primera parte,Alonso de ErcillaI,
161,La araucana primera parte,Alonso de ErcillaI,
162,La araucana primera parte,Alonso de ErcillaI,
163,La araucana primera parte,Alonso de ErcillaI,
164,La araucana primera parte,Alonso de ErcillaI,
165,La araucana primera parte,Alonso de ErcillaI,
166,La araucana primera parte,Alonso de ErcillaI,
167,La araucana primera parte,Alonso de ErcillaI,
168,La araucana primera parte,Alonso de ErcillaI,
169,La araucana primera parte,Alonso de ErcillaI,Y desde la niñez al ejercicio
170,La araucana primera parte,Alonso de ErcillaI,los apremian por fuerza y los incitan
171,La araucana primera parte,Alonso de ErcillaI,"y en el bélico estudio y duro oficio,"
172,La araucana primera parte,Alonso de ErcillaI,"entrando en más edad, los ejercitan:"
173,La araucana primera parte,Alonso de ErcillaI,"si alguno de flaqueza da un indicio, "
174,La araucana primera parte,Alonso de ErcillaI,del uso militar lo inhabilitan;
175,La araucana primera parte,Alonso de ErcillaI,y al que sale en las armas señalado
176,La araucana primera parte,Alonso de ErcillaI,conforme a su valor le dan el grado.
177,La araucana primera parte,Alonso de ErcillaI,
178,La araucana primera parte,Alonso de ErcillaI,Los cargos de la guerra y preeminencia
179,La araucana primera parte,Alonso de ErcillaI,"no son por flacos medios proveídos,"
180,La araucana primera parte,Alonso de ErcillaI,"ni van por calidad, ni por herencia,"
181,La araucana primera parte,Alonso de ErcillaI,ni por hacienda y ser mejor nacidos;
182,La araucana primera parte,Alonso de ErcillaI,"mas la virtud del brazo y la excelencia,"
183,La araucana primera parte,Alonso de ErcillaI,ésta hace a los hombres preferidos;
184,La araucana primera parte,Alonso de ErcillaI,"ésta ilustra, habilita, perfecciona"
185,La araucana primera parte,Alonso de ErcillaI,y quilata el valor de la persona.
186,La araucana primera parte,Alonso de ErcillaI,
187,La araucana primera parte,Alonso de ErcillaI,Los que están a la guerra dedicados
188,La araucana primera parte,Alonso de ErcillaI,"no son a otro servicio constreñidos,"
189,La araucana primera parte,Alonso de ErcillaI,del trabajo y labranza reservados
190,La araucana primera parte,Alonso de ErcillaI,y de la gente baja mantenidos:
191,La araucana primera parte,Alonso de ErcillaI,pero son por las leyes obligados
192,La araucana primera parte,Alonso de ErcillaI,de estar a punto de armas proveídos
193,La araucana primera parte,Alonso de ErcillaI,y a saber diestramente gobernallas
194,La araucana primera parte,Alonso de ErcillaI,en las lícitas guerras y batallas.
195,La araucana primera parte,Alonso de ErcillaI,
196,La araucana primera parte,Alonso de ErcillaI,Las armas de ellos ejercitadas
197,La araucana primera parte,Alonso de ErcillaI,"son picas, alabardas y lanzones,"
198,La araucana primera parte,Alonso de ErcillaI,con otras puntas largas enhastadas
199,La araucana primera parte,Alonso de ErcillaI,de la facción y forma de punzones:
200,La araucana primera parte,Alonso de ErcillaI,"hachas, martillos, mazas barreadas,"
201,La araucana primera parte,Alonso de ErcillaI,"dardos, sargentas, flechas y bastones,"
202,La araucana primera parte,Alonso de ErcillaI,"lazos de fuertes mimbres y bejucos,"
203,La araucana primera parte,Alonso de ErcillaI,tiros arrojadizos y trabucos
204,La araucana primera parte,Alonso de ErcillaI,
205,La araucana primera parte,Alonso de ErcillaI,Algunas destas armas han tomado
206,La araucana primera parte,Alonso de ErcillaI,"de los cristianos nuevamente ahora,"
207,La araucana primera parte,Alonso de ErcillaI,que el continuo ejercicio y el cuidado
208,La araucana primera parte,Alonso de ErcillaI,enseña y aprovecha cada hora;
209,La araucana primera parte,Alonso de ErcillaI,"y otras, según los tiempos, inventado,"
210,La araucana primera parte,Alonso de ErcillaI,"que es la necesidad grande inventora,"
211,La araucana primera parte,Alonso de ErcillaI,"y el trabajo solícito en las cosas,"
212,La araucana primera parte,Alonso de ErcillaI,maestro de invenciones prodigiosas.
213,La araucana primera parte,Alonso de ErcillaI,
214,La araucana primera parte,Alonso de ErcillaI,
215,La araucana primera parte,Alonso de ErcillaI,
216,La araucana primera parte,Alonso de ErcillaI,
217,La araucana primera parte,Alonso de ErcillaI,
218,La araucana primera parte,Alonso de ErcillaI,
219,La araucana primera parte,Alonso de ErcillaI,
220,La araucana primera parte,Alonso de ErcillaI,
221,La araucana primera parte,Alonso de ErcillaI,
222,La araucana primera parte,Alonso de ErcillaI,
223,La araucana primera parte,Alonso de ErcillaI,
224,La araucana primera parte,Alonso de ErcillaI,"Tienen fuertes y dobles coseletes,"
225,La araucana primera parte,Alonso de ErcillaI,"arma común a todos los soldados,"
226,La araucana primera parte,Alonso de ErcillaI,"y otros a la manera de sayetes,"
227,La araucana primera parte,Alonso de ErcillaI,"que son, aunque modernos, más usados;"
228,La araucana primera parte,Alonso de ErcillaI,"grebas, brazaletes, golas, capacetes"
229,La araucana primera parte,Alonso de ErcillaI,"de diversas hechuras encajados,"
230,La araucana primera parte,Alonso de ErcillaI,"hechos de piel curtida y duro cuero,"
231,La araucana primera parte,Alonso de ErcillaI,que no basta a ofenderle el fino acero.
232,La araucana primera parte,Alonso de ErcillaI,
233,La araucana primera parte,Alonso de ErcillaI,Cada soldado una arma solamente
234,La araucana primera parte,Alonso de ErcillaI,"ha de aprender, y en ella ejercitarse,"
235,La araucana primera parte,Alonso de ErcillaI,y es aquella a que más naturalmente
236,La araucana primera parte,Alonso de ErcillaI,en la niñez mostrare aficionarse;
237,La araucana primera parte,Alonso de ErcillaI,desta sola procura diestramente
238,La araucana primera parte,Alonso de ErcillaI,"saberse aprovechar, y no empacharse"
239,La araucana primera parte,Alonso de ErcillaI,"en jugar de la pica el que es flechero,"
240,La araucana primera parte,Alonso de ErcillaI,ni de la maza y flechas el piquero.
241,La araucana primera parte,Alonso de ErcillaI,
242,La araucana primera parte,Alonso de ErcillaI,"Hacen su campo, y muéstranse en formados"
243,La araucana primera parte,Alonso de ErcillaI,"escuadrones distintos muy enteros,"
244,La araucana primera parte,Alonso de ErcillaI,cada hila de más de cien soldados;
245,La araucana primera parte,Alonso de ErcillaI,entre una pica y otra los flecheros
246,La araucana primera parte,Alonso de ErcillaI,que de lejos ofenden desmandados
247,La araucana primera parte,Alonso de ErcillaI,"bajo la protección de los piqueros,"
248,La araucana primera parte,Alonso de ErcillaI,"que van hombro con hombro, como digo,"
249,La araucana primera parte,Alonso de ErcillaI,hasta medir a pica al enemigo.
250,La araucana primera parte,Alonso de ErcillaI,
251,La araucana primera parte,Alonso de ErcillaI,Si el escuadrón primero que acomete
252,La araucana primera parte,Alonso de ErcillaI,"por fuerza viene a ser desbaratado,"
253,La araucana primera parte,Alonso de ErcillaI,"tan presto a socorrerle otro se mete,"
254,La araucana primera parte,Alonso de ErcillaI,que casi no da tiempo a ser notado.
255,La araucana primera parte,Alonso de ErcillaI,"Si aquél se desbarata, otro arremete,"
256,La araucana primera parte,Alonso de ErcillaI,"y estando ya el primero reformado,"
257,La araucana primera parte,Alonso de ErcillaI,moverse de su término no puede
258,La araucana primera parte,Alonso de ErcillaI,hasta ver lo que al otro le sucede.
259,La araucana primera parte,Alonso de ErcillaI,
260,La araucana primera parte,Alonso de ErcillaI,De pantanos procuran guarnecerse
261,La araucana primera parte,Alonso de ErcillaI,"por el daño y temor de los caballos,"
262,La araucana primera parte,Alonso de ErcillaI,donde suelen a veces acogerse
263,La araucana primera parte,Alonso de ErcillaI,si viene a suceder desbaratallos;
264,La araucana primera parte,Alonso de ErcillaI,"allí pueden seguros rehacerse,"
265,La araucana primera parte,Alonso de ErcillaI,"ofenden sin que puedan enojallos,"
266,La araucana primera parte,Alonso de ErcillaI,que el falso sitio y gran inconveniente
267,La araucana primera parte,Alonso de ErcillaI,impide la llegada a nuestra gente.
268,La araucana primera parte,Alonso de ErcillaI,
269,La araucana primera parte,Alonso de ErcillaI,
270,La araucana primera parte,Alonso de ErcillaI,
271,La araucana primera parte,Alonso de ErcillaI,
272,La araucana primera parte,Alonso de ErcillaI,
273,La araucana primera parte,Alonso de ErcillaI,
274,La araucana primera parte,Alonso de ErcillaI,
275,La araucana primera parte,Alonso de ErcillaI,
276,La araucana primera parte,Alonso de ErcillaI,
277,La araucana primera parte,Alonso de ErcillaI,
278,La araucana primera parte,Alonso de ErcillaI,
279,La araucana primera parte,Alonso de ErcillaI,Del escuadrón se van adelantando
280,La araucana primera parte,Alonso de ErcillaI,"los bárbaros que son sobresalientes,"
281,La araucana primera parte,Alonso de ErcillaI,"soberbios cielo y tierra despreciando,"
282,La araucana primera parte,Alonso de ErcillaI,ganosos de estremarse por valientes.
283,La araucana primera parte,Alonso de ErcillaI,"Las picas por los cuentos arrastrando,"
284,La araucana primera parte,Alonso de ErcillaI,"poniéndose en posturas diferentes,"
285,La araucana primera parte,Alonso de ErcillaI,"diciendo: «Si hay valiente algún cristiano,"
286,La araucana primera parte,Alonso de ErcillaI,salga luego adelante mano a mano».
287,La araucana primera parte,Alonso de ErcillaI,
288,La araucana primera parte,Alonso de ErcillaI,"Hasta treinta o cuarenta en compañía,"
289,La araucana primera parte,Alonso de ErcillaI,"ambiciosos de crédito y loores,"
290,La araucana primera parte,Alonso de ErcillaI,vienen con grande orgullo y bizarría
291,La araucana primera parte,Alonso de ErcillaI,al son de presurosos atambores;
292,La araucana primera parte,Alonso de ErcillaI,las armas matizadas a porfía
293,La araucana primera parte,Alonso de ErcillaI,con varios y finísimos colores
294,La araucana primera parte,Alonso de ErcillaI,"de poblados penachos adornados,"
295,La araucana primera parte,Alonso de ErcillaI,saltando acá y allá por todos lados.
296,La araucana primera parte,Alonso de ErcillaI,
297,La araucana primera parte,Alonso de ErcillaI,Hacen fuerzas o fuertes cuando entienden
298,La araucana primera parte,Alonso de ErcillaI,"ser el lugar y sitio en su provecho,"
299,La araucana primera parte,Alonso de ErcillaI,"o si ocupar un término pretenden,"
300,La araucana primera parte,Alonso de ErcillaI,o por algún aprieto y grande estrecho;
301,La araucana primera parte,Alonso de ErcillaI,de do más a su salvo se defienden
302,La araucana primera parte,Alonso de ErcillaI,"y salen de rebato a caso hecho,"
303,La araucana primera parte,Alonso de ErcillaI,"recogiéndose a tiempo al sitio fuerte,"
304,La araucana primera parte,Alonso de ErcillaI,que su forma y hechura es desta suerte:
305,La araucana primera parte,Alonso de ErcillaI,
306,La araucana primera parte,Alonso de ErcillaI,"señalado el lugar, hecha la traza,"
307,La araucana primera parte,Alonso de ErcillaI,de poderosos árboles labrados
308,La araucana primera parte,Alonso de ErcillaI,cercan una cuadrada y ancha plaza
309,La araucana primera parte,Alonso de ErcillaI,"en valientes estacas afirmados,"
310,La araucana primera parte,Alonso de ErcillaI,que a los de fuera impide y embaraza
311,La araucana primera parte,Alonso de ErcillaI,"la entrada y combatir, porque, guardados"
312,La araucana primera parte,Alonso de ErcillaI,"del muro los de dentro, fácilmente"
313,La araucana primera parte,Alonso de ErcillaI,de mucha se defiende poca gente.
314,La araucana primera parte,Alonso de ErcillaI,
315,La araucana primera parte,Alonso de ErcillaI,Solían antiguamente de tablones
316,La araucana primera parte,Alonso de ErcillaI,"hacer dentro del fuerte otro apartado,"
317,La araucana primera parte,Alonso de ErcillaI,puestos de trecho a trecho unos troncones
318,La araucana primera parte,Alonso de ErcillaI,en los cuales el muro iba fijado
319,La araucana primera parte,Alonso de ErcillaI,con cuatro levantados torreones
320,La araucana primera parte,Alonso de ErcillaI,"a caballero, del primer cercado,"
321,La araucana primera parte,Alonso de ErcillaI,de pequeñas troneras lleno el muro
322,La araucana primera parte,Alonso de ErcillaI,para jugar sin miedo y más seguro.
323,La araucana primera parte,Alonso de ErcillaI,
324,La araucana primera parte,Alonso de ErcillaI,
325,La araucana primera parte,Alonso de ErcillaI,
326,La araucana primera parte,Alonso de ErcillaI,
327,La araucana primera parte,Alonso de ErcillaI,
328,La araucana primera parte,Alonso de ErcillaI,
329,La araucana primera parte,Alonso de ErcillaI,
330,La araucana primera parte,Alonso de ErcillaI,
331,La araucana primera parte,Alonso de ErcillaI,
332,La araucana primera parte,Alonso de ErcillaI,
333,La araucana primera parte,Alonso de ErcillaI,
334,La araucana primera parte,Alonso de ErcillaI,En torno desta plaza poco trecho
335,La araucana primera parte,Alonso de ErcillaI,cercan de espesos hoyos por defuera:
336,La araucana primera parte,Alonso de ErcillaI,"cuál es largo, cuál ancho, y cuál estrecho,"
337,La araucana primera parte,Alonso de ErcillaI,"y así van sin faltar desta manera,"
338,La araucana primera parte,Alonso de ErcillaI,para el incauto mozo que de hecho
339,La araucana primera parte,Alonso de ErcillaI,apresura el caballo en la carrera
340,La araucana primera parte,Alonso de ErcillaI,tras el astuto bárbaro engañoso
341,La araucana primera parte,Alonso de ErcillaI,que le mete en el cerco peligroso.
342,La araucana primera parte,Alonso de ErcillaI,
343,La araucana primera parte,Alonso de ErcillaI,También suelen hacer hoyos mayores
344,La araucana primera parte,Alonso de ErcillaI,"con estacas agudas en el suelo,"
345,La araucana primera parte,Alonso de ErcillaI,"cubiertos de carrizo, yerba y flores,"
346,La araucana primera parte,Alonso de ErcillaI,porque puedan picar más sin recelo;
347,La araucana primera parte,Alonso de ErcillaI,"allí los indiscretos corredores,"
348,La araucana primera parte,Alonso de ErcillaI,"teniendo sólo por remedio el cielo,"
349,La araucana primera parte,Alonso de ErcillaI,"se sumen dentro, y quedan enterrados"
350,La araucana primera parte,Alonso de ErcillaI,en las agudas puntas estacados.
351,La araucana primera parte,Alonso de ErcillaI,
352,La araucana primera parte,Alonso de ErcillaI,De consejo y acuerdo una manera
353,La araucana primera parte,Alonso de ErcillaI,"tienen de tiempo antiguo acostumbrada,"
354,La araucana primera parte,Alonso de ErcillaI,que es hacer un convite y borrachera
355,La araucana primera parte,Alonso de ErcillaI,cuando sucede cosa señalada;
356,La araucana primera parte,Alonso de ErcillaI,"y así cualquier señor, que la primera"
357,La araucana primera parte,Alonso de ErcillaI,"nueva del tal suceso le es llegada,"
358,La araucana primera parte,Alonso de ErcillaI,despacha con presteza embajadores
359,La araucana primera parte,Alonso de ErcillaI,a todos los caciques y señores.
360,La araucana primera parte,Alonso de ErcillaI,
361,La araucana primera parte,Alonso de ErcillaI,Haciéndoles saber como se ofrece
362,La araucana primera parte,Alonso de ErcillaI,"necesidad y tiempo de juntarse,"
363,La araucana primera parte,Alonso de ErcillaI,"pues a todos les toca y pertenece,"
364,La araucana primera parte,Alonso de ErcillaI,que es bien con brevedad comunicarse.
365,La araucana primera parte,Alonso de ErcillaI,"Según el caso, así se lo encarece,"
366,La araucana primera parte,Alonso de ErcillaI,"y el daño que se sigue dilatarse,"
367,La araucana primera parte,Alonso de ErcillaI,"lo cual, visto que a todos les conviene,"
368,La araucana primera parte,Alonso de ErcillaI,ninguno venir puede que no viene.
369,La araucana primera parte,Alonso de ErcillaI,
370,La araucana primera parte,Alonso de ErcillaI,"Juntos, pues, los caciques del senado,"
371,La araucana primera parte,Alonso de ErcillaI,"propóneles el caso nuevamente,"
372,La araucana primera parte,Alonso de ErcillaI,"el cual por ellos visto y ponderado,"
373,La araucana primera parte,Alonso de ErcillaI,se trata del remedio conveniente;
374,La araucana primera parte,Alonso de ErcillaI,"y resueltos en uno y decretado,"
375,La araucana primera parte,Alonso de ErcillaI,"si alguno de opinión es diferente,"
376,La araucana primera parte,Alonso de ErcillaI,"no puede en cuanto al débito eximirse,"
377,La araucana primera parte,Alonso de ErcillaI,que allí la mayor voz ha de seguirse.
378,La araucana primera parte,Alonso de ErcillaI,
379,La araucana primera parte,Alonso de ErcillaI,
380,La araucana primera parte,Alonso de ErcillaI,
381,La araucana primera parte,Alonso de ErcillaI,
382,La araucana primera parte,Alonso de ErcillaI,
383,La araucana primera parte,Alonso de ErcillaI,
384,La araucana primera parte,Alonso de ErcillaI,
385,La araucana primera parte,Alonso de ErcillaI,
386,La araucana primera parte,Alonso de ErcillaI,
387,La araucana primera parte,Alonso de ErcillaI,
388,La araucana primera parte,Alonso de ErcillaI,
389,La araucana primera parte,Alonso de ErcillaI,"Después que cosa en contra no se halla,"
390,La araucana primera parte,Alonso de ErcillaI,se va el nuevo decreto declarando
391,La araucana primera parte,Alonso de ErcillaI,"por la gente común y de canalla,"
392,La araucana primera parte,Alonso de ErcillaI,que alguna novedad está aguardando.
393,La araucana primera parte,Alonso de ErcillaI,"Si viene a averiguarse por batalla,"
394,La araucana primera parte,Alonso de ErcillaI,con gran rumor lo van manifestando
395,La araucana primera parte,Alonso de ErcillaI,"de trompas y atambores altamente,"
396,La araucana primera parte,Alonso de ErcillaI,porque a noticia venga de la gente.
397,La araucana primera parte,Alonso de ErcillaI,
398,La araucana primera parte,Alonso de ErcillaI,Tienen un plazo puesto y señalado
399,La araucana primera parte,Alonso de ErcillaI,para se ver sobre ello y remirarse;
400,La araucana primera parte,Alonso de ErcillaI,tres días se han de haber ratificado
401,La araucana primera parte,Alonso de ErcillaI,"en la definición sin retractarse,"
402,La araucana primera parte,Alonso de ErcillaI,"y el franco y libre término pasado,"
403,La araucana primera parte,Alonso de ErcillaI,es de ley imposible revocarse
404,La araucana primera parte,Alonso de ErcillaI,"y así como a forzoso acaecimiento,"
405,La araucana primera parte,Alonso de ErcillaI,se disponen al nuevo movimiento.
406,La araucana primera parte,Alonso de ErcillaI,
407,La araucana primera parte,Alonso de ErcillaI,Hácese este concilio en un gracioso
408,La araucana primera parte,Alonso de ErcillaI,"asiento de mil florestas escogido,"
409,La araucana primera parte,Alonso de ErcillaI,donde se muestra el campo más hermoso
410,La araucana primera parte,Alonso de ErcillaI,de infinidad de flores guarnecido;
411,La araucana primera parte,Alonso de ErcillaI,allí de un viento fresco y amoroso
412,La araucana primera parte,Alonso de ErcillaI,"los árboles se mueven con ruido,"
413,La araucana primera parte,Alonso de ErcillaI,cruzando muchas veces por el prado
414,La araucana primera parte,Alonso de ErcillaI,"un claro arroyo limpio y sosegado,"
415,La araucana primera parte,Alonso de ErcillaI,
416,La araucana primera parte,Alonso de ErcillaI,do una fresca y altísima alameda
417,La araucana primera parte,Alonso de ErcillaI,por orden y artificio tienen puesta
418,La araucana primera parte,Alonso de ErcillaI,"en torno de la plaza y ancha rueda,"
419,La araucana primera parte,Alonso de ErcillaI,"capaz de cualquier junta y grande fiesta,"
420,La araucana primera parte,Alonso de ErcillaI,"que convida a descanso, y al sol veda"
421,La araucana primera parte,Alonso de ErcillaI,la entrada y paso en la enojosa siesta;
422,La araucana primera parte,Alonso de ErcillaI,allí se oye la dulce melodía
423,La araucana primera parte,Alonso de ErcillaI,del canto de las aves y armonía.
424,La araucana primera parte,Alonso de ErcillaI,
425,La araucana primera parte,Alonso de ErcillaI,"Gente es sin Dios ni ley, aunque respeta"
426,La araucana primera parte,Alonso de ErcillaI,"aquel que fue del cielo derribado,"
427,La araucana primera parte,Alonso de ErcillaI,que como a poderoso y gran profeta
428,La araucana primera parte,Alonso de ErcillaI,es siempre en sus cantares celebrado.
429,La araucana primera parte,Alonso de ErcillaI,Invocan su furor con falsa seta
430,La araucana primera parte,Alonso de ErcillaI,"y a todos sus negocios es llamado,"
431,La araucana primera parte,Alonso de ErcillaI,teniendo cuanto dice por seguro
432,La araucana primera parte,Alonso de ErcillaI,del próspero suceso o mal futuro.
433,La araucana primera parte,Alonso de ErcillaI,
434,La araucana primera parte,Alonso de ErcillaI,
435,La araucana primera parte,Alonso de ErcillaI,
436,La araucana primera parte,Alonso de ErcillaI,
437,La araucana primera parte,Alonso de ErcillaI,
438,La araucana primera parte,Alonso de ErcillaI,
439,La araucana primera parte,Alonso de ErcillaI,
440,La araucana primera parte,Alonso de ErcillaI,
441,La araucana primera parte,Alonso de ErcillaI,
442,La araucana primera parte,Alonso de ErcillaI,
443,La araucana primera parte,Alonso de ErcillaI,
444,La araucana primera parte,Alonso de ErcillaI,Y cuando quieren dar una batalla
445,La araucana primera parte,Alonso de ErcillaI,con él lo comunican en su rito;
446,La araucana primera parte,Alonso de ErcillaI,"si no responde bien, dejan de dalla"
447,La araucana primera parte,Alonso de ErcillaI,aunque más les insista el apetito.
448,La araucana primera parte,Alonso de ErcillaI,Caso grave y negocio no se halla
449,La araucana primera parte,Alonso de ErcillaI,do no sea convocado este maldito:
450,La araucana primera parte,Alonso de ErcillaI,"llámanle Eponamón, y comúnmente"
451,La araucana primera parte,Alonso de ErcillaI,dan este nombre a alguno si es valiente.
452,La araucana primera parte,Alonso de ErcillaI,
453,La araucana primera parte,Alonso de ErcillaI,"Usan el falso oficio de hechiceros,"
454,La araucana primera parte,Alonso de ErcillaI,"ciencia a que naturalmente se inclinan,"
455,La araucana primera parte,Alonso de ErcillaI,en señales mirando y en agüeros
456,La araucana primera parte,Alonso de ErcillaI,por las cuales sus cosas determinan;
457,La araucana primera parte,Alonso de ErcillaI,veneran a los necios agoreros
458,La araucana primera parte,Alonso de ErcillaI,que los casos futuros adivinan:
459,La araucana primera parte,Alonso de ErcillaI,el agüero acrecienta su osadía
460,La araucana primera parte,Alonso de ErcillaI,y les infunde miedo y cobardía.
461,La araucana primera parte,Alonso de ErcillaI,
462,La araucana primera parte,Alonso de ErcillaI,Algunos destos son predicadores
463,La araucana primera parte,Alonso de ErcillaI,"tenidos en sagrada reverencia,"
464,La araucana primera parte,Alonso de ErcillaI,"que sólo se mantienen de loores,"
465,La araucana primera parte,Alonso de ErcillaI,y guardan vida estrecha y abstinencia.
466,La araucana primera parte,Alonso de ErcillaI,Estos son los que ponen en errores
467,La araucana primera parte,Alonso de ErcillaI,"al liviano común con su elocuencia,"
468,La araucana primera parte,Alonso de ErcillaI,"teniendo por tan cierta su locura,"
469,La araucana primera parte,Alonso de ErcillaI,como nos la Evangélica Escritura.
470,La araucana primera parte,Alonso de ErcillaI,
471,La araucana primera parte,Alonso de ErcillaI,Y éstos que guardan orden algo estrecha
472,La araucana primera parte,Alonso de ErcillaI,"no tienen ley ni Dios ni que hay pecados,"
473,La araucana primera parte,Alonso de ErcillaI,mas sólo aquel vivir les aprovecha
474,La araucana primera parte,Alonso de ErcillaI,de ser por sabios hombres reputados;
475,La araucana primera parte,Alonso de ErcillaI,"pero la espada, lanza, el arco y flecha"
476,La araucana primera parte,Alonso de ErcillaI,"tienen por mejor ciencia otros soldados,"
477,La araucana primera parte,Alonso de ErcillaI,diciendo que el agüero alegre o triste
478,La araucana primera parte,Alonso de ErcillaI,en la fuerza y el ánimo consiste.
479,La araucana primera parte,Alonso de ErcillaI,
480,La araucana primera parte,Alonso de ErcillaI,"En fin, el hado y clima desta tierra,"
481,La araucana primera parte,Alonso de ErcillaI,"si su estrella y pronósticos se miran,"
482,La araucana primera parte,Alonso de ErcillaI,"es contienda, furor, discordia, guerra"
483,La araucana primera parte,Alonso de ErcillaI,y a solo esto los ánimos aspiran.
484,La araucana primera parte,Alonso de ErcillaI,"Todo su bien y mal aquí se encierra,"
485,La araucana primera parte,Alonso de ErcillaI,"son hombres que de súbito se aíran,"
486,La araucana primera parte,Alonso de ErcillaI,"de condiciones feroces, impacientes,"
487,La araucana primera parte,Alonso de ErcillaI,amigos de domar estrañas gentes.
488,La araucana primera parte,Alonso de ErcillaI,
489,La araucana primera parte,Alonso de ErcillaI,
490,La araucana primera parte,Alonso de ErcillaI,
491,La araucana primera parte,Alonso de ErcillaI,
492,La araucana primera parte,Alonso de ErcillaI,
493,La araucana primera parte,Alonso de ErcillaI,
494,La araucana primera parte,Alonso de ErcillaI,
495,La araucana primera parte,Alonso de ErcillaI,
496,La araucana primera parte,Alonso de ErcillaI,
497,La araucana primera parte,Alonso de ErcillaI,
498,La araucana primera parte,Alonso de ErcillaI,
499,La araucana primera parte,Alonso de ErcillaI,"Son de gestos robustos, desbarbados,"
500,La araucana primera parte,Alonso de ErcillaI,"bien formados los cuerpos y crecidos,"
501,La araucana primera parte,Alonso de ErcillaI,"espaldas grandes, pechos levantados,"
502,La araucana primera parte,Alonso de ErcillaI,"recios miembros, de nervios bien fornidos;"
503,La araucana primera parte,Alonso de ErcillaI,"ágiles, desenvueltos, alentados,"
504,La araucana primera parte,Alonso de ErcillaI,"animosos, valientes, atrevidos,"
505,La araucana primera parte,Alonso de ErcillaI,duros en el trabajo y sufridores
506,La araucana primera parte,Alonso de ErcillaI,"de fríos mortales, hambres y calores."
507,La araucana primera parte,Alonso de ErcillaI,
508,La araucana primera parte,Alonso de ErcillaI,No ha habido rey jamás que sujetase
509,La araucana primera parte,Alonso de ErcillaI,"esta soberbia gente libertada,"
510,La araucana primera parte,Alonso de ErcillaI,ni estranjera nación que se jactase
511,La araucana primera parte,Alonso de ErcillaI,"de haber dado en sus términos pisada,"
512,La araucana primera parte,Alonso de ErcillaI,ni comarcana tierra que se osase
513,La araucana primera parte,Alonso de ErcillaI,mover en contra y levantar espada.
514,La araucana primera parte,Alonso de ErcillaI,"Siempre fue exenta, indómita, temida,"
515,La araucana primera parte,Alonso de ErcillaI,de leyes libre y de cerviz erguida.
516,La araucana primera parte,Alonso de ErcillaI,
517,La araucana primera parte,Alonso de ErcillaI,"El potente rey Inga, aventajado"
518,La araucana primera parte,Alonso de ErcillaI,"en todas las antárticas regiones,"
519,La araucana primera parte,Alonso de ErcillaI,fue un señor en estremo aficionado
520,La araucana primera parte,Alonso de ErcillaI,"a ver y conquistar nuevas naciones,"
521,La araucana primera parte,Alonso de ErcillaI,y por la gran noticia del Estado
522,La araucana primera parte,Alonso de ErcillaI,a Chile despachó sus orejones;
523,La araucana primera parte,Alonso de ErcillaI,mas la parlera fama desta gente
524,La araucana primera parte,Alonso de ErcillaI,la sangre les templó y ánimo ardiente.
525,La araucana primera parte,Alonso de ErcillaI,
526,La araucana primera parte,Alonso de ErcillaI,Pero los nobles Ingas valerosos
527,La araucana primera parte,Alonso de ErcillaI,"los despoblados ásperos rompieron,"
528,La araucana primera parte,Alonso de ErcillaI,y en Chile algunos pueblos belicosos
529,La araucana primera parte,Alonso de ErcillaI,"por fuerza a servidumbre redujeron,"
530,La araucana primera parte,Alonso de ErcillaI,a do leyes y edictos trabajosos
531,La araucana primera parte,Alonso de ErcillaI,"con dura mano armada introdujeron,"
532,La araucana primera parte,Alonso de ErcillaI,haciéndolos con fueros disolutos
533,La araucana primera parte,Alonso de ErcillaI,pagar grandes subsidios y tributos.
534,La araucana primera parte,Alonso de ErcillaI,
535,La araucana primera parte,Alonso de ErcillaI,Dado asiento en la tierra y reformado
536,La araucana primera parte,Alonso de ErcillaI,"el campo con ejército pujante,"
537,La araucana primera parte,Alonso de ErcillaI,en demanda del reino deseado
538,La araucana primera parte,Alonso de ErcillaI,movieron sus escuadras adelante.
539,La araucana primera parte,Alonso de ErcillaI,"No hubieron muchas millas caminado,"
540,La araucana primera parte,Alonso de ErcillaI,cuando entendieron que era semejante
541,La araucana primera parte,Alonso de ErcillaI,el valor a la fama que alcanzada
542,La araucana primera parte,Alonso de ErcillaI,tenía el pueblo araucano por la espada.
543,La araucana primera parte,Alonso de ErcillaI,
544,La araucana primera parte,Alonso de ErcillaI,
545,La araucana primera parte,Alonso de ErcillaI,
546,La araucana primera parte,Alonso de ErcillaI,
547,La araucana primera parte,Alonso de ErcillaI,
548,La araucana primera parte,Alonso de ErcillaI,
549,La araucana primera parte,Alonso de ErcillaI,
550,La araucana primera parte,Alonso de ErcillaI,
551,La araucana primera parte,Alonso de ErcillaI,
552,La araucana primera parte,Alonso de ErcillaI,
553,La araucana primera parte,Alonso de ErcillaI,
554,La araucana primera parte,Alonso de ErcillaI,"Los promaucaes de Maule, que supieron"
555,La araucana primera parte,Alonso de ErcillaI,"el vano intento de los Ingas vanos,"
556,La araucana primera parte,Alonso de ErcillaI,"al paso y duro encuentro les salieron,"
557,La araucana primera parte,Alonso de ErcillaI,no menos en buen orden que lozanos;
558,La araucana primera parte,Alonso de ErcillaI,y las cosas de suerte sucedieron
559,La araucana primera parte,Alonso de ErcillaI,"que llegando estas gentes a las manos,"
560,La araucana primera parte,Alonso de ErcillaI,"murieron infinitos orejones,"
561,La araucana primera parte,Alonso de ErcillaI,perdiendo el campo y todos los pendones.
562,La araucana primera parte,Alonso de ErcillaI,
563,La araucana primera parte,Alonso de ErcillaI,Los indios promaucaes es una gente
564,La araucana primera parte,Alonso de ErcillaI,"que está cien millas antes del Estado,"
565,La araucana primera parte,Alonso de ErcillaI,"brava, soberbia, próspera y valiente,"
566,La araucana primera parte,Alonso de ErcillaI,que bien los españoles la han probado;
567,La araucana primera parte,Alonso de ErcillaI,"pero con cuanto digo, es diferente"
568,La araucana primera parte,Alonso de ErcillaI,"de la fiera nación, que cotejado"
569,La araucana primera parte,Alonso de ErcillaI,"el valor de las armas y excelencia,"
570,La araucana primera parte,Alonso de ErcillaI,es grande la ventaja y diferencia.
571,La araucana primera parte,Alonso de ErcillaI,
572,La araucana primera parte,Alonso de ErcillaI,"Los Ingas, que la fuerza conocían"
573,La araucana primera parte,Alonso de ErcillaI,que en la provincia indómita se encierra
574,La araucana primera parte,Alonso de ErcillaI,y cuán poco a los brazos ganarían
575,La araucana primera parte,Alonso de ErcillaI,"llegada al cabo la empezada guerra,"
576,La araucana primera parte,Alonso de ErcillaI,"visto el errado intento que traían,"
577,La araucana primera parte,Alonso de ErcillaI,"desamparando la ganada tierra,"
578,La araucana primera parte,Alonso de ErcillaI,volvieron a los pueblos que dejaron
579,La araucana primera parte,Alonso de ErcillaI,donde por algún tiempo reposaron.
580,La araucana primera parte,Alonso de ErcillaI,
581,La araucana primera parte,Alonso de ErcillaI,"Pues don Diego de Almagro, Adelantado"
582,La araucana primera parte,Alonso de ErcillaI,"que en otras mil conquistas se había visto,"
583,La araucana primera parte,Alonso de ErcillaI,"por sabio en todas ellas reputado,"
584,La araucana primera parte,Alonso de ErcillaI,"animoso, valiente, franco y quisto,"
585,La araucana primera parte,Alonso de ErcillaI,a Chile caminó determinado
586,La araucana primera parte,Alonso de ErcillaI,de estender y ensanchar la fe de Cristo.
587,La araucana primera parte,Alonso de ErcillaI,"Pero llegando al fin deste camino,"
588,La araucana primera parte,Alonso de ErcillaI,dar en breve la vuelta le convino.
589,La araucana primera parte,Alonso de ErcillaI,
590,La araucana primera parte,Alonso de ErcillaI,A sólo el de Valdivia esta victoria
591,La araucana primera parte,Alonso de ErcillaI,con justa y gran razón le fue otorgada
592,La araucana primera parte,Alonso de ErcillaI,"y es bien que se celebre su memoria,"
593,La araucana primera parte,Alonso de ErcillaI,pues pudo adelantar tanto su espada.
594,La araucana primera parte,Alonso de ErcillaI,Éste alcanzó en Arauco aquella gloria
595,La araucana primera parte,Alonso de ErcillaI,que de nadie hasta allí fuera alcanzada;
596,La araucana primera parte,Alonso de ErcillaI,la altiva gente al grave yugo trujo
597,La araucana primera parte,Alonso de ErcillaI,y en opresión la libertad redujo.
598,La araucana primera parte,Alonso de ErcillaI,
599,La araucana primera parte,Alonso de ErcillaI,
600,La araucana primera parte,Alonso de ErcillaI,
601,La araucana primera parte,Alonso de ErcillaI,
602,La araucana primera parte,Alonso de ErcillaI,
603,La araucana primera parte,Alonso de ErcillaI,
604,La araucana primera parte,Alonso de ErcillaI,
605,La araucana primera parte,Alonso de ErcillaI,
606,La araucana primera parte,Alonso de ErcillaI,
607,La araucana primera parte,Alonso de ErcillaI,
608,La araucana primera parte,Alonso de ErcillaI,
609,La araucana primera parte,Alonso de ErcillaI,"Con una espada y capa solamente,"
610,La araucana primera parte,Alonso de ErcillaI,"ayudado de industria que tenía,"
611,La araucana primera parte,Alonso de ErcillaI,hizo con brevedad de buena gente
612,La araucana primera parte,Alonso de ErcillaI,"una lucida y gruesa compañía,"
613,La araucana primera parte,Alonso de ErcillaI,y con designio y ánimo valiente
614,La araucana primera parte,Alonso de ErcillaI,"toma de Chile la derecha vía,"
615,La araucana primera parte,Alonso de ErcillaI,resuelto en acabar desta salida
616,La araucana primera parte,Alonso de ErcillaI,la demanda difícil o la vida.
617,La araucana primera parte,Alonso de ErcillaI,
618,La araucana primera parte,Alonso de ErcillaI,Viose en el largo y áspero camino
619,La araucana primera parte,Alonso de ErcillaI,"por hambre, sed y frío en gran estrecho;"
620,La araucana primera parte,Alonso de ErcillaI,pero con la constancia que convino
621,La araucana primera parte,Alonso de ErcillaI,"puso al trabajo el animoso pecho,"
622,La araucana primera parte,Alonso de ErcillaI,y el diestro hado y próspero destino
623,La araucana primera parte,Alonso de ErcillaI,"en Chile le metieron, a despecho"
624,La araucana primera parte,Alonso de ErcillaI,"de cuantos estorbarlo procuraron,"
625,La araucana primera parte,Alonso de ErcillaI,que en su daño las armas levantaron.
626,La araucana primera parte,Alonso de ErcillaI,
627,La araucana primera parte,Alonso de ErcillaI,Tuvo a la entrada con aquellas gentes
628,La araucana primera parte,Alonso de ErcillaI,batallas y recuentros peligrosos
629,La araucana primera parte,Alonso de ErcillaI,en tiempos y lugares diferentes
630,La araucana primera parte,Alonso de ErcillaI,que estuvieron los fines bien dudosos;
631,La araucana primera parte,Alonso de ErcillaI,pero al cabo por fuerza los valientes
632,La araucana primera parte,Alonso de ErcillaI,"españoles con brazos valerosos,"
633,La araucana primera parte,Alonso de ErcillaI,siguiendo el hado y con rigor la guerra
634,La araucana primera parte,Alonso de ErcillaI,ocuparon gran parte de la tierra.
635,La araucana primera parte,Alonso de ErcillaI,
636,La araucana primera parte,Alonso de ErcillaI,No sin gran riesgo y pérdidas de vidas
637,La araucana primera parte,Alonso de ErcillaI,"asediados seis años sostuvieron,"
638,La araucana primera parte,Alonso de ErcillaI,y de incultas raíces desabridas
639,La araucana primera parte,Alonso de ErcillaI,"los trabajados cuerpos mantuvieron,"
640,La araucana primera parte,Alonso de ErcillaI,do a las bárbaras armas oprimidas
641,La araucana primera parte,Alonso de ErcillaI,a la española devoción trujeron
642,La araucana primera parte,Alonso de ErcillaI,"por ánimo constante y raras pruebas,"
643,La araucana primera parte,Alonso de ErcillaI,criando en los trabajos fuerzas nuevas.
644,La araucana primera parte,Alonso de ErcillaI,
645,La araucana primera parte,Alonso de ErcillaI,Después entró Valdivia conquistando
646,La araucana primera parte,Alonso de ErcillaI,con esfuerzo y espada rigurosa
647,La araucana primera parte,Alonso de ErcillaI,"los promaucaes, por fuerza sujetando"
648,La araucana primera parte,Alonso de ErcillaI,"curios, cauquenes, gente belicosa;"
649,La araucana primera parte,Alonso de ErcillaI,"y el Maule y raudo Itata atravesando,"
650,La araucana primera parte,Alonso de ErcillaI,"llegó al Andalién, do la famosa"
651,La araucana primera parte,Alonso de ErcillaI,"ciudad fundó de muros levantada,"
652,La araucana primera parte,Alonso de ErcillaI,felice en poco tiempo y desdichada.
653,La araucana primera parte,Alonso de ErcillaI,
654,La araucana primera parte,Alonso de ErcillaI,
655,La araucana primera parte,Alonso de ErcillaI,
656,La araucana primera parte,Alonso de ErcillaI,
657,La araucana primera parte,Alonso de ErcillaI,
658,La araucana primera parte,Alonso de ErcillaI,
659,La araucana primera parte,Alonso de ErcillaI,
660,La araucana primera parte,Alonso de ErcillaI,
661,La araucana primera parte,Alonso de ErcillaI,
662,La araucana primera parte,Alonso de ErcillaI,
663,La araucana primera parte,Alonso de ErcillaI,
664,La araucana primera parte,Alonso de ErcillaI,"Una batalla tuvo aquí sangrienta,"
665,La araucana primera parte,Alonso de ErcillaI,donde a punto llegó de ser perdido
666,La araucana primera parte,Alonso de ErcillaI,"pero Dios le acorrió en aquella afrenta,"
667,La araucana primera parte,Alonso de ErcillaI,que en todas las demás le había acorrido.
668,La araucana primera parte,Alonso de ErcillaI,"Otros dello darán más larga cuenta,"
669,La araucana primera parte,Alonso de ErcillaI,que les está este cargo cometido;
670,La araucana primera parte,Alonso de ErcillaI,allí fue preso el bárbaro Ainavillo;
671,La araucana primera parte,Alonso de ErcillaI,honor de los pencones y caudillo.
672,La araucana primera parte,Alonso de ErcillaI,
673,La araucana primera parte,Alonso de ErcillaI,De allí llegó al famoso Biobío
674,La araucana primera parte,Alonso de ErcillaI,"el cual divide a Penco del Estado,"
675,La araucana primera parte,Alonso de ErcillaI,"que del Nibequetén, copioso río,"
676,La araucana primera parte,Alonso de ErcillaI,y de otros viene al mar acompañado.
677,La araucana primera parte,Alonso de ErcillaI,"De donde con presteza y nuevo brío,"
678,La araucana primera parte,Alonso de ErcillaI,en orden buena y escuadrón formado
679,La araucana primera parte,Alonso de ErcillaI,pasó de Andalicán la áspera sierra
680,La araucana primera parte,Alonso de ErcillaI,pisando la araucana y fértil tierra.
681,La araucana primera parte,Alonso de ErcillaI,
682,La araucana primera parte,Alonso de ErcillaI,No quiero detenerme más en esto
683,La araucana primera parte,Alonso de ErcillaI,"pues que no es mi intención dar pesadumbre,"
684,La araucana primera parte,Alonso de ErcillaI,"y así pienso pasar por todo presto,"
685,La araucana primera parte,Alonso de ErcillaI,huyendo de importunos la costumbre;
686,La araucana primera parte,Alonso de ErcillaI,"digo con tal intento y presupuesto,"
687,La araucana primera parte,Alonso de ErcillaI,que antes que los de Arauco a servidumbre
688,La araucana primera parte,Alonso de ErcillaI,"viniesen, fueron tantas las batallas,"
689,La araucana primera parte,Alonso de ErcillaI,que dejo de prolijas de contallas.
690,La araucana primera parte,Alonso de ErcillaI,
691,La araucana primera parte,Alonso de ErcillaI,Ayudó mucho el ignorante engaño
692,La araucana primera parte,Alonso de ErcillaI,de ver en animales corregidos
693,La araucana primera parte,Alonso de ErcillaI,hombres que por milagro y caso estraño
694,La araucana primera parte,Alonso de ErcillaI,de la región celeste eran venidos;
695,La araucana primera parte,Alonso de ErcillaI,y del súbito estruendo y grave daño
696,La araucana primera parte,Alonso de ErcillaI,"de los tiros de pólvora sentidos,"
697,La araucana primera parte,Alonso de ErcillaI,como a inmortales dioses los temían
698,La araucana primera parte,Alonso de ErcillaI,que con ardientes rayos combatían.
699,La araucana primera parte,Alonso de ErcillaI,
700,La araucana primera parte,Alonso de ErcillaI,Los españoles hechos hazañosos
701,La araucana primera parte,Alonso de ErcillaI,"el error confirmaban de inmortales,"
702,La araucana primera parte,Alonso de ErcillaI,afirmando los más supersticiosos
703,La araucana primera parte,Alonso de ErcillaI,por los presentes los futuros males;
704,La araucana primera parte,Alonso de ErcillaI,"y así tibios, suspensos y dudosos,"
705,La araucana primera parte,Alonso de ErcillaI,"viendo de su opresión claras señales,"
706,La araucana primera parte,Alonso de ErcillaI,debajo de hermandad y fe jurada
707,La araucana primera parte,Alonso de ErcillaI,dio Arauco la obediencia jamás dada.
708,La araucana primera parte,Alonso de ErcillaI,
709,La araucana primera parte,Alonso de ErcillaI,Dejando allí el seguro suficiente
710,La araucana primera parte,Alonso de ErcillaI,adelante los nuestros caminaron;
711,La araucana primera parte,Alonso de ErcillaI,"pero todas las tierras llanamente,"
712,La araucana primera parte,Alonso de ErcillaI,"viendo Arauco sujeta se entregaron,"
713,La araucana primera parte,Alonso de ErcillaI,"y reduciendo a su opinión gran gente,"
714,La araucana primera parte,Alonso de ErcillaI,siete ciudades prósperas fundaron:
715,La araucana primera parte,Alonso de ErcillaI,"Coquimbo, Penco, Angol y Santiago,"
716,La araucana primera parte,Alonso de ErcillaI,"la Imperial, Villarica, y la del Lago."
717,La araucana primera parte,Alonso de ErcillaI,
718,La araucana primera parte,Alonso de ErcillaI,
719,La araucana primera parte,Alonso de ErcillaI,
720,La araucana primera parte,Alonso de ErcillaI,
721,La araucana primera parte,Alonso de ErcillaI,
722,La araucana primera parte,Alonso de ErcillaI,
723,La araucana primera parte,Alonso de ErcillaI,
724,La araucana primera parte,Alonso de ErcillaI,
725,La araucana primera parte,Alonso de ErcillaI,
726,La araucana primera parte,Alonso de ErcillaI,
727,La araucana primera parte,Alonso de ErcillaI,
728,La araucana primera parte,Alonso de ErcillaI,"El felice suceso, la victoria,"
729,La araucana primera parte,Alonso de ErcillaI,la fama y posesiones que adquirían
730,La araucana primera parte,Alonso de ErcillaI,"los trujo a tal soberbia y vanagloria,"
731,La araucana primera parte,Alonso de ErcillaI,"que en mil leguas diez hombres no cabían,"
732,La araucana primera parte,Alonso de ErcillaI,sin pasarles jamás por la memoria
733,La araucana primera parte,Alonso de ErcillaI,que en siete pies de tierra al fin habían
734,La araucana primera parte,Alonso de ErcillaI,"de venir a caber sus hinchazones,"
735,La araucana primera parte,Alonso de ErcillaI,su gloria vana y vanas pretensiones.
736,La araucana primera parte,Alonso de ErcillaI,
737,La araucana primera parte,Alonso de ErcillaI,Crecían los intereses y malicia
738,La araucana primera parte,Alonso de ErcillaI,"a costa del sudor y daño ajeno,"
739,La araucana primera parte,Alonso de ErcillaI,"y la hambrienta y mísera codicia,"
740,La araucana primera parte,Alonso de ErcillaI,"con libertad paciendo, iba sin freno."
741,La araucana primera parte,Alonso de ErcillaI,"La ley, derecho, el fuero y la justicia"
742,La araucana primera parte,Alonso de ErcillaI,era lo que Valdivia había por bueno:
743,La araucana primera parte,Alonso de ErcillaI,"remiso en graves culpas y piadoso,"
744,La araucana primera parte,Alonso de ErcillaI,y en los casos livianos riguroso.
745,La araucana primera parte,Alonso de ErcillaI,
746,La araucana primera parte,Alonso de ErcillaI,Así el ingrato pueblo castellano
747,La araucana primera parte,Alonso de ErcillaI,"en mal y estimación iba creciendo,"
748,La araucana primera parte,Alonso de ErcillaI,"y siguiendo el soberbio intento vano,"
749,La araucana primera parte,Alonso de ErcillaI,tras su fortuna próspera corriendo;
750,La araucana primera parte,Alonso de ErcillaI,pero el Padre del cielo soberano
751,La araucana primera parte,Alonso de ErcillaI,"atajó este camino, permitiendo"
752,La araucana primera parte,Alonso de ErcillaI,"que aquel a quien él mismo puso el yugo,"
753,La araucana primera parte,Alonso de ErcillaI,fuese el cuchillo y áspero verdugo.
754,La araucana primera parte,Alonso de ErcillaI,
755,La araucana primera parte,Alonso de ErcillaI,"El Estado araucano, acostumbrado"
756,La araucana primera parte,Alonso de ErcillaI,"a dar leyes, mandar o ser temido,"
757,La araucana primera parte,Alonso de ErcillaI,viéndose de su trono derribado
758,La araucana primera parte,Alonso de ErcillaI,"y de mortales hombres oprimido,"
759,La araucana primera parte,Alonso de ErcillaI,"de adquirir libertad determinado,"
760,La araucana primera parte,Alonso de ErcillaI,"reprobando el subsidio padecido,"
761,La araucana primera parte,Alonso de ErcillaI,"acude al ejercicio de la espada,"
762,La araucana primera parte,Alonso de ErcillaI,ya por la paz ociosa desusada.
763,La araucana primera parte,Alonso de ErcillaI,
764,La araucana primera parte,Alonso de ErcillaI,Dieron señal primero y nuevo tiento
765,La araucana primera parte,Alonso de ErcillaI,"(por ver con qué rigor se tomaría),"
766,La araucana primera parte,Alonso de ErcillaI,"en dos soldados nuestros, que a tormento"
767,La araucana primera parte,Alonso de ErcillaI,mataron sin razón y causa un día.
768,La araucana primera parte,Alonso de ErcillaI,"Disimulóse aquel atrevimiento,"
769,La araucana primera parte,Alonso de ErcillaI,y con esto crecióles la osadía;
770,La araucana primera parte,Alonso de ErcillaI,no aguardando a más tiempo abiertamente
771,La araucana primera parte,Alonso de ErcillaI,comienzan a llamar y juntar gente.
772,La araucana primera parte,Alonso de ErcillaI,
773,La araucana primera parte,Alonso de ErcillaI,Principio fue del daño no pensado
774,La araucana primera parte,Alonso de ErcillaI,el no tomar Valdivia presta enmienda
775,La araucana primera parte,Alonso de ErcillaI,"con ejemplar castigo del Estado,"
776,La araucana primera parte,Alonso de ErcillaI,pero nadie castiga en su hacienda.
777,La araucana primera parte,Alonso de ErcillaI,El pueblo sin temor desvergonzado
778,La araucana primera parte,Alonso de ErcillaI,con nueva libertad rompe la rienda
779,La araucana primera parte,Alonso de ErcillaI,"del homenaje hecho y la promesa,"
780,La araucana primera parte,Alonso de ErcillaI,como el segundo canto aquí lo espresa.
